[{"@type":"mappingTemplate","id":"@1","name":"M_LOAD_LAST3ROWS_TO_TARGET","description":"","bundleVersion":"0","templateId":"@3","deployTime":1711047549000,"hasParameters":false,"valid":true,"fixedConnection":true,"hasParametersDeployed":false,"fixedConnectionDeployed":true,"isSchemaValidationEnabled":false,"tasks":0,"mappingPreviewFileRecordId":"@2","documentType":"MAPPING","references":[{"@type":"reference","refObjectId":"@64poaPfPzDVkOPRRrQmd28","refType":"connection"},{"@type":"reference","refObjectId":"@8fT5XOXYVkYfZUgBwsvoep","refType":"connection"}]}]