[{"@type":"mappingTemplate","id":"@1","name":"M_GENERATE_SEQ_NUM_USING_EXPRESSION","description":"","bundleVersion":"0","templateId":"@3","deployTime":1711043877000,"hasParameters":false,"valid":true,"fixedConnection":true,"hasParametersDeployed":false,"fixedConnectionDeployed":true,"isSchemaValidationEnabled":false,"tasks":0,"mappingPreviewFileRecordId":"@2","documentType":"MAPPING","references":[{"@type":"reference","refObjectId":"@64poaPfPzDVkOPRRrQmd28","refType":"connection"},{"@type":"reference","refObjectId":"@8fT5XOXYVkYfZUgBwsvoep","refType":"connection"}]}]